gene,decay
thrL,0.00018
thrA,0.00082
thrB,0.00078
thrC,0.00085
yaaX,0.0005
yaaA,0.00051
yaaJ,4e-05
talB,0.00085
mog,0.00084
satP,0.00018
yaaW,0.00025
mbiA,5e-05
yaaI,3e-05
dnaK,0.00082
dnaJ,0.00087
insL1,0.00035
mokC,0.00054
hokC,0.00082
nhaA,0.00064
nhaR,0.0002
insB1,0.00096
insA1,0.00073
rpsT,0.00064
yaaY,0.00019
ribF,0.00036
ileS,0.00021
lspA,0.00082
fkpB,0.00069
ispH,6e-05
rihC,0.0006
dapB,0.00042
carA,0.00026
carB,0.00094
caiF,0.00046
caiE,0.00036
caiD,0.00096
caiC,0.00014
caiB,0.00083
caiA,0.00069
caiT,0.00046
fixA,0.00042
fixB,0.00013
fixC,0.00056
fixX,0.00055
yaaU,0.00039
kefF,0.00079
kefC,0.00031
folA,0.00035
apaH,0.00016
apaG,0.00082
rsmA,0.00073
pdxA,0.00065
surA,0.00082
lptD,1e-05
djlA,0.00042
yabP,0.00024
yabQ,0.00058
rluA,0.00092
rapA,0.0009
polB,0.00013
araD,0.00091
araA,0.00086
araB,0.00034
araC,9e-05
yabI,0.00037
thiQ,4e-05
thiP,0.0004
thiB,0.00042
sgrR,5e-05
sgrT,4e-05
setA,0.0002
leuD,0.00012
leuC,0.0004
leuB,0.00054
leuA,0.00024
leuL,0.0009
leuO,0.00018
yabR,0.00085
ilvI,0.00036
ilvH,0.00025
cra,0.00044
mraZ,0.00029
rsmH,0.00047
ftsL,0.00058
ftsI,0.00018
murE,0.0004
murF,0.00028
mraY,0.00011
murD,0.00068
ftsW,0.00092
murG,4e-05
murC,0.00078
ddlB,0.00073
ftsQ,0.0005
ftsA,8e-05
ftsZ,0.00039
lpxC,0.00055
secM,5e-05
secA,0.00084
mutT,0.00012
yacG,4e-05
zapD,0.00076
coaE,0.00045
yacM,0.00054
guaC,0.00043
hofC,0.00077
hofB,0.0009
ppdD,0.00078
nadC,0.00077
ampD,0.00074
ampE,0.00072
aroP,0.00091
pdhR,0.00042
aceE,0.0
aceF,0.00041
lpd,0.00018
yacH,0.00019
acnB,0.00032
yacL,0.00063
speD,0.00052
speE,0.00088
yacC,0.00027
cueO,0.00049
gcd,9e-05
hpt,0.00036
can,0.00065
yadG,0.00087
yadH,0.00068
yadI,0.00097
yadE,5e-05
panD,0.00071
rpnC,0.00034
panC,0.00094
panB,0.0007
yadC,0.00092
yadK,0.00027
yadL,0.00093
yadM,0.00051
htrE,0.00078
yadV,0.00034
yadN,0.00014
folK,0.00081
pcnB,0.00029
gluQ,0.00016
dksA,0.00035
sfsA,0.00014
thpR,0.00048
hrpB,0.00075
mrcB,0.00038
mrcB,0.00043
fhuA,0.00051
fhuC,0.00079
fhuD,0.00012
fhuB,9e-05
hemL,0.00087
yadX,0.00075
clcA,0.00039
yadW,0.0004
erpA,0.00018
yadS,0.00075
btuF,0.00083
mtn,0.00086
dgt,0.00024
degP,0.00043
cdaR,0.00076
yaeH,0.00038
yaeI,0.00082
dapD,0.00058
glnD,0.00039
map,0.00062
rpsB,0.00069
tsf,0.0004
pyrH,0.0008
frr,0.00082
dxr,0.0006
ispU,0.00079
cdsA,0.0008
rseP,0.00086
bamA,0.00056
skp,0.0006
lpxD,1e-05
fabZ,0.00023
lpxA,0.00079
lpxB,0.00033
rnhB,0.00074
dnaE,0.00074
accA,0.00063
ldcC,0.00051
yaeR,0.00023
tilS,0.00042
rof,0.00077
yaeP,0.00038
yaeQ,0.001
arfB,0.00082
nlpE,0.00067
yaeF,0.00023
proS,0.00015
trmO,0.00036
rcsF,0.00029
metQ,0.00048
metI,0.00064
metN,0.00025
gmhB,0.0003
dkgB,0.00079
yafC,0.00086
yafD,8e-05
yafE,0.00087
mltD,0.00074
gloB,2e-05
ykfO,0.00076
yafS,0.00064
rnhA,0.00067
dnaQ,0.00055
yafT,0.00052
ykfM,0.00021
yafV,0.00022
ivy,0.00086
fadE,0.00078
gmhA,0.00044
yafJ,0.0005
dpaA,0.00067
yafQ,0.00028
dinJ,4e-05
yafL,1e-05
rayT,5e-05
dinB,0.00099
yafN,1e-05
yafO,0.00094
yafP,0.00057
pepD,0.0002
gpt,0.00053
frsA,0.00058
crl,0.00088
insB9,0.00074
insA9,0.00022
phoE,0.00027
proB,0.0004
proA,0.00027
ykfI,6e-05
yafW,0.00029
ykfH,0.0001
ykfG,0.00021
yafX,0.00082
ykfF,0.00019
ykfB,0.00039
yafY,7e-05
yafZ,0.00098
ykfA,0.00023
perR,0.00019
insN,0.00072
insI1,0.00022
ykfC,0.0006
insH1,6e-05
mmuP,0.00046
mmuM,0.00081
afuC,0.00097
insB2,0.00079
insA2,0.00011
yagB,0.00016
yagA,0.00017
yagE,0.00015
yagF,0.00091
yagG,0.00095
yagH,0.00015
xynR,0.00014
argF,0.0009
argL,0.00071
ykgS,0.00084
insB3,0.00031
insA3,0.00052
yagJ,0.00027
yagK,0.00049
yagL,0.00038
yagM,4e-05
ykgV,0.0009
yagN,0.00011
intF,0.00089
yagP,0.00046
paoD,0.00024
paoC,0.00016
paoB,3e-05
paoA,0.00015
yagU,0.00056
ykgJ,0.0009
ecpE,0.00017
ecpD,5e-05
ecpC,0.00026
ecpB,0.00048
ecpA,0.00055
matA,0.00069
ykgL,0.00017
ykgO,0.0002
ykgM,0.00074
ykgR,0.00066
insE1,0.00096
insF1,0.00073
rclC,0.00084
rclB,0.00045
rclA,0.00022
rclR,0.00026
ykgE,2e-05
ykgF,0.0
ykgG,0.00046
ykgH,5e-05
betA,0.00047
betB,0.00035
betI,0.00033
betT,0.00059
yahV,7e-05
pdeL,0.00067
yahB,0.00031
yahC,0.00037
yahD,0.00074
yahE,0.00056
yahF,0.00021
yahG,0.00073
yahH,0.00071
yahI,7e-05
yahJ,0.00043
yahK,2e-05
yahL,0.00027
yahM,0.00094
yahN,0.00042
yahO,0.00016
prpR,0.00078
prpB,0.00093
prpC,0.0002
prpD,0.00083
prpE,0.00057
codB,0.00095
codA,0.00015
cynR,0.00069
cynT,0.00063
cynS,0.00068
cynX,0.00075
lacA,0.00015
lacY,0.0002
lacZ,0.00056
lacI,0.00015
mhpR,0.0008
mhpA,0.00022
mhpB,0.00078
mhpC,0.00022
mhpD,0.00043
mhpF,5e-05
mhpE,0.00034
mhpT,0.001
yaiL,0.00068
frmB,7e-05
frmA,0.0001
frmR,0.00053
yaiO,0.0007
yaiX,0.00085
insC1,0.00026
insD1,0.00014
yaiP,0.00055
ykiC,0.00074
yaiS,0.00059
tauA,0.00019
tauB,0.00094
tauC,0.00031
tauD,0.0007
hemB,0.00082
yaiT,0.00095
ytiB,0.0007
insF2,0.00048
insE2,0.00085
iprA,0.00019
ampH,0.00093
sbmA,0.00024
yaiW,0.00082
yaiY,9e-05
yaiZ,0.00076
ddlA,0.00019
iraP,0.00027
phoA,0.00017
psiF,0.00035
dgcC,0.00031
proC,0.00063
yaiI,0.00087
aroL,0.00076
yaiA,0.00079
aroM,0.00062
ppnP,0.00058
ykiD,0.00043
rdgC,0.00088
mak,0.0008
araJ,0.00076
sbcC,0.00092
sbcD,0.00058
phoB,0.00087
phoR,0.00075
brnQ,0.00087
proY,0.00049
malZ,0.00061
acpH,0.00041
queA,0.00033
tgt,0.00091
yajC,0.0007
secD,0.00061
secF,0.00042
yajD,0.00029
tsx,0.00027
yajI,0.00094
nrdR,0.00044
ribD,4e-05
ribE,0.00015
nusB,4e-05
thiL,0.00088
pgpA,0.00023
yajO,0.00053
dxs,0.00027
ispA,0.00048
xseB,0.00037
thiI,0.00052
yajL,0.0
panE,0.00042
yajQ,0.00098
yajR,0.00081
cyoE,0.00087
cyoD,2e-05
cyoC,0.00085
cyoB,0.00087
cyoA,0.00056
ampG,0.00065
yajG,0.00098
bolA,1e-05
tig,0.0004
clpP,0.00041
clpX,2e-05
lon,0.00033
hupB,7e-05
ppiD,0.00064
ybaV,0.00051
fadM,0.00086
queC,0.00086
ybaE,0.00056
cof,0.00028
decR,7e-05
mdlA,0.00089
mdlB,0.00067
glnK,0.00059
amtB,0.00065
tesB,0.00038
ybaY,0.00078
ybaZ,0.00042
ybaA,0.00019
pdeB,0.00049
ylaC,0.00076
maa,3e-05
hha,0.00055
tomB,9e-05
acrB,0.00031
acrA,0.00093
acrR,0.00061
mscK,0.00064
ybaM,0.00055
priC,0.00082
ybaN,0.00013
apt,0.00047
dnaX,0.00039
dnaX,0.00052
ybaB,0.00061
recR,0.00019
htpG,0.00075
adk,0.00063
hemH,0.00066
aes,0.00078
gsk,0.00062
ybaL,0.00035
fsr,0.0002
ushA,0.00026
ybaK,0.00013
ybaP,8e-05
ybaQ,0.00019
copA,0.00093
copA,0.00055
glsA,0.00044
ybaT,0.00019
cueR,0.00059
ybbJ,0.00051
qmcA,0.00025
fetA,0.00058
fetB,0.00088
cnoX,0.00068
ybbO,0.00078
tesA,0.00082
ybbA,0.00038
ybbP,0.00061
rhsD,0.00083
ybbC,0.00083
ylbG,0.00056
selU,0.00079
allS,0.00034
allA,0.0
allR,0.00073
gcl,0.00026
hyi,0.00068
glxR,0.00061
ybbW,0.00013
allB,0.00042
ybbY,0.00081
glxK,0.00044
allE,0.00059
allC,0.00057
allD,0.00065
fdrA,0.00055
ylbE,0.00095
ylbF,0.00098
ybcF,0.00043
purK,0.00023
purE,0.00055
lpxH,0.00058
ppiB,2e-05
cysS,0.00027
ybcI,0.00021
ybcJ,0.00083
folD,0.00092
sfmA,0.00098
sfmC,0.00091
sfmD,0.0004
sfmH,0.00042
sfmF,0.0001
fimZ,0.00091
intD,0.00052
renD,0.0005
insE3,0.00067
insF3,0.00024
emrE,0.0002
ylcJ,0.00069
ybcK,0.00028
ybcL,0.00023
ybcM,0.00036
ylcH,0.00022
ybcN,0.00056
ninE,8e-05
ybcO,0.00089
rusA,0.00013
ylcG,0.00039
quuD,9e-05
nmpC,0.00082
insH2,0.00037
essD,0.00017
rrrD,0.00029
rzpD,0.00067
rzoD,0.0006
borD,0.00096
ybcV,0.00054
ybcW,0.00099
ylcI,7e-05
nohD,0.00013
tfaD,0.00012
tfaX,0.00079
appY,0.00017
ompT,0.00039
envY,0.00095
ybcH,0.00082
nfrA,0.00027
nfrB,0.00093
cusS,0.00083
cusR,0.00057
cusC,0.0002
cusF,0.00057
cusB,3e-05
cusA,0.00013
pheP,0.00042
ybdG,1e-05
nfsB,0.00024
ybdF,0.00041
ybdJ,0.00087
ybdK,0.00054
hokE,0.0004
insL2,0.00069
entD,0.00095
fepA,0.00081
fes,0.00034
ybdZ,0.00051
entF,0.0002
fepE,0.00098
fepC,0.00089
fepG,0.00046
fepD,0.00081
entS,0.00089
fepB,0.00051
entC,0.0004
entE,0.00087
entB,0.00038
entA,0.00092
entH,0.00069
cstA,0.00097
ybdD,2e-05
hcxA,0.00033
ybdL,0.00052
ybdM,0.00039
ybdN,0.0008
ybdO,0.00064
dsbG,0.00053
ahpC,0.00097
ahpF,0.00016
uspG,0.00029
ybdR,0.00062
yldA,0.00034
rnk,8e-05
rna,0.00091
citT,0.00081
citG,0.00061
citX,0.00063
citF,0.00075
citE,0.00059
citD,0.00017
citC,0.00051
dpiB,0.00032
dpiA,0.00013
dcuC,6e-05
pagP,0.00064
cspE,0.00031
crcB,0.00064
tatE,0.00068
lipA,8e-05
ybeF,5e-05
lipB,0.00072
ybeD,0.0003
dacA,0.00055
rlpA,0.00027
mrdB,0.00031
mrdA,0.0006
rlmH,0.00051
rsfS,0.00019
cobC,0.00014
nadD,0.0008
holA,0.00035
lptE,0.00036
leuS,0.00091
ybeL,0.00032
ybeQ,0.00058
ybeR,0.00027
djlB,0.00032
ybeT,0.0002
ybeU,0.00034
djlC,9e-05
hscC,0.00093
rihA,0.00023
gltL,0.00024
gltK,0.00048
gltJ,0.00095
gltI,0.00082
insH3,0.00027
lnt,1e-05
ybeX,0.00095
ybeY,1e-05
ybeZ,0.00096
miaB,0.00023
ubiF,0.00082
asnB,0.00051
umpH,0.00088
nagC,0.00017
nagA,0.00043
nagB,0.00022
nagE,0.0003
glnS,0.00025
chiP,7e-05
chiQ,0.00021
fur,0.00034
uof,0.00054
fldA,0.00033
ybfE,0.00073
ybfF,0.00088
seqA,0.00048
pgm,0.0006
ybfP,0.00087
potE,0.00021
speF,0.00097
speFL,0.00095
kdpE,0.0009
kdpD,0.00082
kdpC,0.0005
kdpB,0.0004
kdpA,0.00093
kdpF,0.00039
ybfA,0.00025
rhsC,0.00089
ybfB,0.00035
ybfC,0.00047
ybfQ,0.00096
ybfD,0.00084
ybgA,0.00032
phr,0.00068
dtpD,0.00039
ybgI,0.00015
pxpB,0.00068
pxpC,0.00089
pxpA,0.00021
nei,0.00023
abrB,0.00032
ybgO,0.00099
ybgP,0.00082
ybgQ,0.00068
ybgD,0.00011
gltA,0.00084
ybgV,0.00043
ybgU,8e-05
sdhC,0.00041
sdhD,0.00068
sdhA,0.00058
sdhB,0.00065
sucA,0.00031
sucB,0.00079
sucC,0.00081
sucD,0.00066
mngR,0.00083
mngA,0.00091
mngB,0.0009
cydA,0.00046
cydB,0.00036
cydX,5e-05
ybgE,0.00028
ybgC,0.00063
tolQ,0.00011
tolR,3e-05
tolA,0.00028
tolB,0.0008
pal,0.0004
cpoB,0.00071
nadA,0.00037
pnuC,0.00066
zitB,0.00058
ybgS,0.00094
aroG,0.00016
gpmA,6e-05
galM,0.00067
galK,0.00086
galT,0.00085
galE,0.00032
modF,0.00016
modE,0.0008
acrZ,0.00013
modA,0.00058
modB,0.00033
modC,0.00048
ybhA,0.00025
pgl,0.00053
ybhD,0.00076
ybhH,0.00098
ybhI,0.00094
ybhJ,0.00096
ybhC,0.0009
ybhB,0.00091
bioA,0.001
bioB,0.00026
bioF,0.00044
bioC,0.00042
bioD,0.00023
uvrB,0.00032
ybhK,0.00072
moaA,0.00021
moaB,0.00089
moaC,0.00054
moaD,0.00035
moaE,0.00039
ybhL,0.00033
ybhM,0.00049
ybhN,0.00017
clsB,0.00024
ybhP,0.00066
ybhQ,0.00056
ybhR,0.00064
ybhS,0.00055
ybhF,1e-05
ybhG,0.00025
cecR,0.00046
rhlE,0.00045
ybiA,0.00035
dinG,0.00025
ybiB,0.00067
hcxB,0.00063
ybiE,0.00016
ybiJ,0.0007
ybiI,0.00042
ybiX,0.00013
fiu,0.00045
mcbA,0.00061
rlmF,0.00074
ybiO,0.00063
glnQ,0.00055
glnP,1e-05
glnH,0.00036
dps,0.00011
rhtA,0.00068
yliM,0.00076
ompX,0.00046
opgE,0.00057
mntS,0.0005
mntR,0.0004
ybiR,0.00033
ldtB,0.00062
ybiT,0.00082
ybiU,0.00055
ybiV,0.00083
ybiW,0.0002
ybiY,0.00054
fsaA,0.00079
moeB,0.00011
moeA,0.0009
iaaA,0.00089
gsiA,0.00086
gsiB,0.00066
gsiC,0.00016
gsiD,0.00015
pdeI,0.00074
dgcI,4e-05
rimO,0.00022
bssR,9e-05
yliI,0.00021
gstB,0.00037
dacC,0.00045
deoR,0.00018
ybjG,0.00036
mdfA,0.00027
ybjH,0.00098
ybjI,0.00075
ybjJ,0.00049
rcdA,0.00045
ybjL,0.00029
ybjM,0.00022
grxA,0.00098
ybjC,0.00015
nfsA,0.00062
rimK,2e-05
ybjN,0.00015
potF,0.00057
potG,0.00095
potH,0.00088
potI,0.00029
ybjO,0.00077
rlmC,0.00075
artJ,0.00094
artM,0.00086
artQ,0.0005
artI,0.00048
artP,0.00084
ybjP,0.00091
ybjQ,8e-05
amiD,1e-05
ybjS,0.00067
ybjT,0.00022
ltaE,0.0005
poxB,0.00036
hcr,0.00085
hcp,0.00068
lysO,0.00065
aqpZ,0.00049
ybjD,5e-05
ybjX,0.00058
macA,0.00021
macB,0.00016
cspD,0.00095
yljB,0.00031
clpS,0.00039
clpA,7e-05
infA,0.00015
aat,0.00033
cydC,0.00096
cydD,0.00014
trxB,0.00094
lrp,0.00087
ftsK,0.00016
lolA,0.00044
rarA,0.00043
serS,0.0005
dmsA,0.00095
dmsB,0.00064
dmsC,3e-05
ycaC,0.00099
ycaD,0.00047
ycaM,7e-05
ycaN,0.00026
ycaK,0.00046
pflA,0.0001
pflB,0.00014
focA,0.0005
ycaO,0.00071
ycaP,0.00082
serC,0.00063
aroA,0.00012
ycaL,0.00086
cmk,0.00034
rpsA,0.00066
ihfB,0.00097
ycaI,0.00075
msbA,4e-05
lpxK,0.00029
ycaQ,0.00074
ycaR,0.00058
kdsB,0.00068
ycbJ,6e-05
elyC,0.00079
cmoM,0.00046
mukF,0.00063
mukE,0.0009
mukB,0.00026
ldtD,0.00037
mepK,0.00063
gloC,0.00058
aspC,0.00069
ompF,0.00018
asnS,0.00089
pncB,0.00075
pepN,0.00096
ssuB,0.00095
ssuC,0.00023
ssuD,0.00075
ssuA,0.00038
ssuE,0.00097
elfA,0.00045
elfD,0.00058
elfC,0.00047
elfG,0.00019
ycbU,0.00014
ycbV,0.00095
ycbF,0.00044
pyrD,0.00027
zapC,0.00049
ycbX,0.00017
rlmL,0.00087
uup,5e-05
pqiA,0.0002
pqiB,0.00059
pqiC,0.0005
rmf,0.0009
fabA,0.00098
ycbZ,0.00068
matP,0.00089
ompA,0.00061
sulA,0.00015
sxy,0.00093
yccS,0.00034
yccF,0.00044
helD,0.00042
mgsA,0.00094
yccT,0.00081
yccU,0.00021
hspQ,0.00014
rlmI,0.00038
yccX,0.00074
tusE,0.00045
yccA,0.0001
hyaA,0.0003
hyaB,0.00075
hyaC,0.00048
hyaD,0.00024
hyaE,0.00024
hyaF,8e-05
appC,0.00041
appB,0.00086
appX,0.00063
appA,0.0003
etk,2e-05
etp,0.00048
gfcE,0.00036
gfcD,0.00095
gfcC,3e-05
gfcB,0.00067
gfcA,6e-05
insA4,0.00022
insB4,0.00076
cspH,0.00046
cspG,0.00096
ymcF,0.00014
ymcE,0.00056
gnsA,0.0007
yccM,0.00037
torS,3e-05
torT,0.00047
torR,0.00032
torC,0.00053
torA,0.0005
torD,0.00021
cbpM,0.00059
cbpA,0.00021
yccE,0.00011
agp,0.00018
yccJ,0.00043
wrbA,0.00045
ymdF,0.00057
rutG,0.00069
rutF,0.00016
rutE,0.00029
rutD,0.00093
rutC,0.00062
rutB,0.00017
rutA,0.00058
rutR,1e-05
putA,0.00096
ymdG,0.00084
putP,0.00012
efeO,0.00071
efeB,0.00079
phoH,0.00098
pgaD,0.00077
pgaC,0.00051
pgaB,0.00082
pgaA,0.00025
dgcT,0.00076
insF4,3e-05
insE4,0.00069
ycdU,0.00085
ghrA,5e-05
ycdX,0.0004
ycdY,0.0007
ycdZ,0.00026
csgG,0.00047
csgF,0.00043
csgE,0.00072
csgD,0.0007
csgB,0.00099
csgA,0.00028
csgC,0.00046
ymdA,0.00038
ymdB,0.00044
clsC,0.00068
opgC,0.00071
opgG,0.00021
opgH,0.00044
yceK,0.00029
msyB,0.00052
mdtG,0.00063
lpxL,0.00049
trhO,0.00028
yceI,0.00049
yceJ,6e-05
yceO,0.00095
solA,0.00077
bssS,0.0006
dinI,0.00017
pyrC,0.0004
yceB,0.00041
grxB,0.00071
mdtH,0.00095
rimJ,0.00014
yceH,0.00084
yceM,0.00033
murJ,2e-05
flgN,0.00087
flgM,0.00084
flgA,0.00085
flgB,0.00048
flgC,0.00059
flgD,0.00059
flgE,4e-05
flgF,0.00085
flgG,0.00076
flgH,0.00027
flgI,0.00012
flgJ,0.00072
flgK,0.00087
flgL,0.00041
rne,0.00047
yceQ,0.00018
rluC,0.00059
yceF,0.00074
yceD,0.00036
rpmF,0.00035
plsX,0.00015
fabH,0.00077
fabD,0.00039
fabG,0.00057
acpP,0.00054
fabF,0.00062
pabC,0.00047
mltG,0.00013
tmk,3e-05
holB,0.00067
ycfH,0.00025
ptsG,0.00087
fhuE,8e-05
hinT,0.00095
ycfL,0.00061
lpoB,0.00049
thiK,0.0007
nagZ,9e-05
ycfP,0.00071
ndh,0.00011
ycfJ,0.00078
comR,0.00069
bhsA,0.00094
ldtC,0.00087
mfd,0.0001
ycfT,0.0001
lolC,0.0002
lolD,0.00051
lolE,1e-05
nagK,0.0003
cobB,0.00036
cobB,0.00061
ycfZ,0.00014
ymfA,0.00044
potD,0.00072
potC,0.00022
potB,0.0005
potA,0.00053
pepT,0.00047
roxA,0.00069
phoQ,0.00081
phoP,0.00052
purB,0.00073
hflD,0.00094
mnmA,0.00084
nudJ,0.0006
rluE,0.00026
icd,0.00037
ymfD,0.00092
ymfE,0.00043
lit,0.00088
intE,0.00094
xisE,0.00089
ymfH,0.00066
ymfI,0.00094
ymfJ,0.00084
ymfK,0.00085
ymfT,3e-05
ymfL,0.00068
ymfM,0.00023
ymfN,0.00015
ymfR,7e-05
beeE,0.00067
ymfQ,0.00012
ycfK,0.0007
tfaP,0.0004
tfaE,0.00037
pinE,0.00024
mcrA,0.00033
iraM,0.00027
ymgK,0.00037
ymgL,0.00097
ycgX,0.00019
bluR,5e-05
bluF,0.00053
ycgZ,0.0004
ymgA,0.00062
ariR,0.00058
ymgC,0.00076
pdeG,0.00029
ymgF,0.00011
ymgD,6e-05
ymgG,0.00054
ymgI,0.0004
ymgJ,0.00057
minE,0.0007
minD,0.00013
minC,0.00072
ycgJ,0.00041
pliG,0.00098
ymgN,0.00036
ycgL,5e-05
ycgM,0.00092
ycgN,0.0001
hlyE,0.0008
umuD,0.00043
umuC,0.00018
dsbB,0.00058
nhaB,0.00062
fadR,0.0
ycgB,0.00017
dadA,0.0004
dadX,0.00084
ymgM,0.00084
cvrA,0.00039
ldcA,0.00045
emtA,0.0007
ycgR,0.00032
ymgE,0.00036
ycgY,0.00015
treA,0.00051
dhaM,0.0006
dhaL,0.0006
dhaK,0.00084
dhaR,0.00097
ycgV,5e-05
ychF,0.00041
pth,0.00099
ychH,0.00014
dauA,0.00012
prs,0.00085
ispE,0.0006
lolB,0.00015
hemA,0.00025
prfA,0.00089
prmC,1e-05
ychQ,0.0002
ychA,0.00061
kdsA,1e-05
ldrA,0.00089
ldrB,0.00026
ldrC,0.00037
chaA,3e-05
chaB,0.00062
chaC,8e-05
ychN,0.00041
ychO,0.00081
narL,0.00017
narX,0.00075
narK,0.00061
narG,0.00013
narH,0.0005
narJ,0.0007
narI,0.00086
ychS,0.00044
tpr,0.00025
purU,0.00043
ychJ,0.00045
rssA,0.00085
rssB,0.00013
galU,0.0004
hns,0.0007
tdk,0.00071
adhE,0.00012
ychT,0.0004
ychE,0.0001
insH21,5e-05
oppA,0.00056
oppB,0.00012
oppC,0.0008
oppD,0.00095
oppF,0.00019
yciU,0.00072
clsA,0.00022
yciY,0.00053
kch,0.00037
yciI,0.00038
tonB,0.00026
yciA,0.00051
yciB,0.00041
yciC,0.0008
ompW,0.00084
yciE,0.00043
yciF,0.00098
yciG,0.00018
trpA,0.00098
trpB,0.00028
trpC,0.001
trpD,0.0006
trpE,0.00046
trpL,2e-05
rnm,0.00078
yciO,0.00056
yciQ,0.00056
rluB,0.00029
btuR,0.00096
yciK,0.00017
sohB,2e-05
yciN,0.00052
topA,0.00012
cysB,0.00025
ymiA,0.00014
yciX,0.00011
ymiC,0.00087
acnA,0.00079
ribA,0.00028
pgpB,0.00077
lapA,0.00042
lapB,0.00024
pyrF,7e-05
yciH,0.00078
osmB,0.00073
yciT,0.00099
yciZ,0.00042
ymiD,0.00076
pdeR,0.00042
ymiB,8e-05
rnb,0.00028
yciW,2e-05
fabI,9e-05
ycjD,0.00035
sapF,0.00088
sapD,0.00051
sapC,0.00071
sapB,3e-05
sapA,3e-05
ymjA,0.00083
puuP,0.0008
ymjE,0.00036
puuA,0.00011
puuD,0.00092
puuR,0.00076
puuC,0.00081
puuB,0.00061
puuE,0.00021
pspF,0.00091
pspA,0.00035
pspB,0.00089
pspC,0.001
pspD,0.00018
pspE,0.00056
ycjM,0.00056
ycjN,0.00029
ycjO,0.00084
ycjP,0.00081
ycjQ,0.00011
ycjR,0.00063
ycjS,0.00096
ycjT,0.00081
ycjU,0.00039
ompG,0.00017
ycjW,0.00037
ycjX,0.0003
ycjF,0.00032
tyrR,0.00044
tpx,0.00061
ycjG,0.00072
mpaA,0.00075
ymjC,0.00084
ymjD,0.00046
ycjY,0.0007
pgrR,0.00069
mppA,0.00095
ynaI,5e-05
insH4,0.00044
ynaJ,0.0008
uspE,0.00019
fnr,0.00055
ogt,0.00084
abgT,0.00081
abgB,0.0009
abgA,0.00049
abgR,0.0004
smrA,0.00055
dgcM,0.00092
ynaN,0.00069
zntB,0.00056
ynaL,0.00049
dbpA,0.00093
ttcA,0.00023
intR,0.0
xisR,0.00038
rcbA,0.00019
ralR,0.00033
recT,0.00053
recE,0.00033
racC,0.00094
ydaE,0.00033
kilR,0.00083
sieB,0.00023
ydaF,0.00074
ydaG,0.00074
racR,0.00095
ydaS,0.00059
ydaT,0.00034
ydaU,0.0005
ydaV,0.00082
ydaW,0.00081
rzoR,0.00085
trkG,0.00098
ynaK,0.00089
ydaY,0.00037
ynaA,0.00096
lomR,0.00054
insH5,0.00013
stfR,0.00048
tfaR,0.00023
pinR,0.00092
ynaE,0.00055
ynaM,0.0
uspF,0.00013
ompN,6e-05
ydbK,0.00076
ydbJ,0.0005
hslJ,0.00054
ldhA,0.00061
ydbH,0.00053
ynbE,0.00068
ydbL,0.00051
feaR,0.0004
feaB,0.00033
tynA,0.00044
paaZ,0.00083
paaA,0.00081
paaB,0.00089
paaC,0.00038
paaD,0.00044
paaE,0.00084
paaF,0.00081
paaG,0.00049
paaH,0.00088
paaI,0.00096
paaJ,0.00082
paaK,0.00064
paaX,0.00049
paaY,0.00051
ynbG,0.00087
ydbA,0.00012
insD2,0.00044
insC2,0.00049
insI2,0.0006
pdxI,0.00033
ydbD,0.00065
ynbA,0.00086
ynbB,3e-05
ynbC,0.00027
ynbD,0.00091
azoR,0.0007
hrpA,4e-05
ydcF,0.00051
aldA,7e-05
cybB,0.00084
ydcA,0.00054
yncP,0.00055
hokB,0.00062
mokB,0.00069
trg,0.00015
ydcI,0.00053
ydcJ,0.00095
opgD,4e-05
ydcH,0.00014
rimL,0.00028
ydcK,0.00033
tehA,0.00029
tehB,0.00051
ydcL,0.00023
insQ,0.00037
ydcO,0.00089
sutR,0.00077
rlhA,0.00061
yncJ,9e-05
hicA,0.0003
hicB,0.00073
ydcR,0.00045
ydcS,0.00031
ydcT,0.00057
ydcU,0.00025
ydcV,3e-05
patD,0.00089
yncL,0.00057
ortT,3e-05
ydcY,0.00068
ydcZ,0.00038
mnaT,0.00079
curA,0.00015
mcbR,6e-05
yncD,0.00076
yncE,1e-05
ansP,0.0002
yncG,0.00017
yncH,0.00071
ydcD,0.00095
yncO,0.0003
ydcC,0.00079
pptA,0.00012
yddH,0.00053
nhoA,4e-05
yddE,0.0001
narV,0.00041
narW,0.00056
narY,0.00024
narZ,0.00088
narU,0.00089
yddK,0.00096
yddL,0.00081
yddG,0.00058
fdnG,6e-05
fdnH,0.00027
fdnI,0.00076
yddM,0.00097
adhP,0.00029
maeA,0.00096
sra,0.00091
bdm,0.00013
osmC,0.00044
ddpF,0.00012
ddpD,0.00082
ddpC,0.00085
ddpB,0.00056
ddpA,0.00011
ddpX,0.00073
dosP,0.00063
dosC,0.00057
yddY,9e-05
digH,0.00034
gadC,0.00048
gadB,0.00066
pqqL,0.00045
yddB,0.00062
yddA,0.00043
yneP,0.00088
ydeM,0.00096
ydeN,5e-05
ydeO,0.00081
safA,0.00074
ydeP,0.00014
ydeQ,0.00016
ydeR,0.00045
ydeS,0.00015
ydeT,0.00094
hipA,0.00054
hipB,0.00018
lsrK,0.00089
lsrR,0.00095
lsrA,0.00018
lsrC,0.00025
lsrD,0.0006
lsrB,0.00049
lsrF,6e-05
lsrG,0.00051
tam,0.00027
yneE,0.00021
uxaB,2e-05
dgcF,0.0006
yneG,0.00016
glsB,0.0008
sad,0.00077
yneJ,4e-05
yneK,0.00055
ydeA,0.00076
marC,0.00027
marR,0.0
marA,0.00073
marB,0.00065
eamA,0.0007
ydeE,0.0005
mgtS,0.00065
mgtT,0.00039
dgcZ,0.00074
ydeI,0.00025
ydeJ,0.00089
dcp,0.00089
ydfG,0.00038
rspR,0.00038
ydfZ,0.00075
ydfI,0.00037
ydfJ,0.00066
ynfT,0.00063
ydfK,0.00021
pinQ,0.00084
tfaQ,0.00092
stfQ,0.00087
nohA,0.00061
ynfO,0.00033
ydfO,0.00063
gnsB,0.00034
ynfN,1e-05
ynfR,0.00093
ynfQ,0.0002
cspI,0.00081
rzpQ,0.00054
rzoQ,0.00039
rrrQ,1e-05
ydfR,0.00073
essQ,0.00089
ynfU,0.00097
cspB,7e-05
cspF,0.00038
ynfS,0.00063
ydfT,0.00086
ydfU,9e-05
rem,0.00017
hokD,3e-05
relE,0.00019
relB,0.00095
ydfV,1e-05
flxA,0.0004
ydfW,0.00012
ydfX,0.00086
dicC,0.00033
dicA,2e-05
ydfA,0.00079
ydfB,0.00041
ydfC,0.00091
dicB,3e-05
ydfD,0.00053
ynfP,0.00029
rspB,0.00066
rspA,0.0004
ynfA,0.00045
ynfB,0.00026
speG,0.00018
ynfC,0.00046
ynfD,0.00017
ynfE,0.0006
ynfF,0.00029
ynfG,0.00032
ynfH,0.00035
dmsD,0.00055
clcB,0.0004
bidA,0.00075
mlc,9e-05
ynfL,0.00053
ynfM,0.00038
asr,0.00096
ydgU,0.00084
ydgD,0.00015
mdtI,0.00059
mdtJ,0.00086
mdtU,0.00057
tqsA,8e-05
pntB,0.00019
pntA,0.00092
ydgH,2e-05
ydgI,0.00097
folM,0.00091
ydgC,0.00052
rstA,0.00058
rstB,9e-05
tus,0.00014
fumC,0.00077
fumA,0.00069
manA,0.001
ydgA,0.00063
uidC,0.00051
uidB,0.00018
uidA,0.00023
uidR,0.00014
hdhA,0.00098
malI,0.00078
malX,0.00038
malY,0.0005
add,0.00078
ydgJ,0.00074
blr,3e-05
cnu,0.0006
ydgK,0.00049
rsxA,0.00098
rsxB,0.00061
rsxC,0.00017
rsxD,0.00087
rsxG,0.00093
rsxE,0.00021
nth,0.00016
dtpA,0.00039
gstA,0.00036
pdxY,0.00074
tyrS,0.00027
pdxH,0.00079
mliC,0.00024
anmK,0.00069
slyB,0.0003
slyA,0.00036
ydhI,0.00026
ydhJ,0.00075
ydhK,0.00042
sodC,0.00085
ydhF,0.00087
ydhL,0.00035
nemR,0.00089
nemA,0.0002
gloA,0.00051
rnt,0.00011
lhr,0.0004
grxD,0.00098
mepH,0.00064
sodB,0.00054
ydhP,0.00078
cydH,0.00079
purR,0.0004
punR,0.00052
punC,0.00076
cfa,0.00079
ribC,0.00019
mdtK,0.00095
ydhQ,2e-05
ydhR,0.00039
ydhS,0.00077
ydhT,0.00026
ydhU,0.00081
ydhX,0.00086
ydhW,0.00048
ydhV,0.00027
ydhY,0.00094
fumD,0.00088
ynhH,0.00074
pykF,0.00063
lpp,0.00068
ldtE,0.00062
sufE,0.00076
sufS,0.00024
sufD,0.00029
sufC,0.00065
sufB,3e-05
sufA,0.0009
ydiH,0.00069
menI,0.00074
ydiJ,0.00046
ydiK,0.00071
ydiL,3e-05
ydiM,0.00061
ydiN,0.00081
ydiB,0.00014
aroD,0.00042
ydiF,0.00059
ydiO,0.00054
ydiP,0.0002
ydiQ,0.00077
ydiR,7e-05
ydiS,0.00028
ydiT,0.00041
fadK,5e-05
ppsA,0.00077
ppsR,0.00035
aroH,1e-05
ydiE,0.00038
selO,0.00089
rflP,0.0002
nlpC,0.00063
btuD,0.00087
btuE,0.00024
btuC,0.00086
ihfA,0.00033
pheT,0.00075
pheS,0.00053
pheM,9e-05
rplT,0.00078
rpmI,0.00043
infC,0.00057
thrS,0.0004
yniD,0.00088
ydiY,0.00016
pfkB,6e-05
ydiZ,0.00065
yniA,0.00047
yniB,1e-05
hxpB,0.0006
ydjM,0.00099
tcyP,2e-05
ydjO,9e-05
cedA,0.00053
katE,0.00048
chbG,0.00041
chbF,0.00024
chbR,0.00088
chbA,0.00033
chbC,0.0
chbB,0.00019
osmE,0.00053
nadE,0.00091
cho,0.00039
ves,0.00057
spy,0.00026
astE,0.00032
astB,0.00054
astD,0.00074
astA,0.00074
astC,0.00066
xthA,0.00059
ydjX,0.00021
ydjY,0.00098
ydjZ,0.00019
ynjA,0.00091
ynjB,0.00069
ynjC,0.0004
ynjD,4e-05
ynjE,0.00073
ynjF,0.00061
nudG,0.00019
ynjH,4e-05
gdhA,0.00097
ynjI,0.00017
topB,0.00064
selD,0.00057
ydjA,0.00067
sppA,0.0001
ansA,0.00053
pncA,0.00038
ydjE,0.00031
ydjF,0.00078
ydjG,0.00065
ydjH,0.00023
ydjI,0.0009
ydjJ,0.00058
ydjK,0.00029
ydjL,8e-05
yeaC,0.00019
msrB,0.00077
gapA,0.00098
yeaD,0.00015
yeaE,0.00019
mipA,0.00052
yeaG,0.0001
yeaH,0.00011
cdgI,0.00097
dgcJ,0.00056
yeaK,5e-05
yoaI,0.00077
yeaL,8e-05
nimR,0.00043
nimT,0.00069
yeaO,0.00021
yoaF,0.00085
dgcP,0.0009
yoaK,4e-05
yoaJ,0.00062
yeaQ,6e-05
yoaG,0.00024
yeaR,0.00037
leuE,0.00026
dmlR,0.00086
dmlA,0.00093
yeaV,0.00021
yeaW,0.00029
yeaX,0.00086
rnd,0.00091
fadD,0.00057
yeaY,0.00051
tsaB,0.00048
yoaA,0.0004
yoaB,7e-05
yoaC,0.00057
yoaH,0.00019
pabB,0.00087
nudL,0.00088
sdaA,0.00084
pdeD,0.00051
yoaE,0.00048
yoaL,3e-05
manX,0.00036
manY,0.00031
manZ,0.00066
yobD,0.00095
mntP,0.0001
rlmA,0.00092
cspC,0.00088
yobF,0.00045
yebO,0.00017
mgrB,0.00018
yobH,0.0009
kdgR,0.0005
yebQ,0.00072
htpX,6e-05
prc,0.00061
proQ,0.00091
msrC,0.0
letA,0.00035
letB,0.00032
rsmF,0.00054
yebV,0.00088
yebW,0.00077
pphA,0.00029
yebY,0.00065
yebZ,0.00023
yobA,0.00015
holE,0.00029
yobB,0.00036
exoX,0.00012
ptrB,0.00054
yebE,0.00017
yebF,0.00013
yebG,0.0005
purT,0.00062
eda,0.00029
edd,0.00032
zwf,0.00022
yebK,0.00018
pykA,0.00083
lpxM,9e-05
mepM,0.00048
znuA,0.00028
znuC,0.00067
znuB,0.00096
ruvB,0.00062
ruvA,3e-05
yobI,0.00082
yebB,0.0004
ruvC,6e-05
yebC,0.00054
nudB,0.00061
aspS,0.00029
yecD,0.00076
yecE,0.00076
yecN,0.0005
cmoA,0.00054
cmoB,8e-05
torZ,1e-05
torY,0.0007
cutC,3e-05
yecM,0.00026
argS,0.00089
yecV,0.0009
yecT,0.00031
flhE,0.00011
flhA,0.00022
flhB,0.00069
cheZ,0.00015
cheY,0.00091
cheB,0.0007
cheR,0.00026
tap,0.00021
tar,0.001
cheW,0.00024
cheA,0.00034
cheA,0.0004
motB,0.00093
motA,0.00016
flhC,0.00057
flhD,0.00089
insB5,0.00032
insA5,0.00066
uspC,1e-05
otsA,0.00099
otsB,0.00051
araH,0.00094
araG,0.00083
araF,0.00067
ftnB,0.00065
yecJ,0.00076
azuC,0.0004
yecR,0.00011
ftnA,0.00096
yecH,0.0001
tyrP,0.00041
yecA,0.00027
pgsA,0.00037
uvrC,0.00075
uvrY,0.00019
yecU,0.00016
yecF,0.0005
sdiA,0.00049
tcyN,0.0005
tcyL,5e-05
dcyD,0.00089
tcyJ,0.0005
fliZ,0.0003
fliA,0.00099
fliC,0.00065
fliD,0.00027
fliS,0.00083
fliT,0.00077
amyA,0.00031
yedD,0.0001
yedE,0.00091
yedF,0.00065
yedK,0.00077
yedL,0.00072
fliE,0.00065
fliF,0.00014
fliG,0.00094
fliH,0.00031
fliI,0.0007
fliJ,0.00061
fliK,0.00092
fliL,0.00085
fliM,0.00023
fliN,6e-05
fliO,7e-05
fliP,0.00071
fliQ,0.00045
fliR,0.00052
rcsA,0.00011
dsrB,0.00017
yodD,0.0001
yedP,0.00025
dgcQ,0.00088
yodC,0.00021
yedI,0.00073
yedA,0.00094
vsr,0.00012
dcm,0.00029
yedJ,0.00054
drpB,0.0009
hchA,0.00061
hprS,0.00067
hprR,0.00068
hiuH,0.00018
msrP,0.00098
msrQ,0.00079
zinT,0.00034
yodB,0.0
mtfA,0.0007
yeeJ,0.0003
shiA,0.00098
amn,0.00053
yeeN,0.0006
yeeO,0.00088
cbl,0.00079
nac,0.00078
ldtA,0.00076
cobT,6e-05
cobS,0.00043
cobU,0.00032
insH6,0.00043
yoeA,0.00049
insD3,0.00078
insC3,0.00025
flu,0.00073
yeeR,0.00037
yeeS,0.00082
yeeT,0.00064
cbeA,0.00082
cbtA,0.00027
yeeW,0.00024
yoeF,0.0002
tmaR,0.00089
yoeJ,0.00041
yeeA,0.00028
sbmC,0.00098
dacD,0.00067
sbcB,0.00038
tsuB,0.00066
tsuA,0.00098
plaP,0.00099
yoeI,0.00084
yeeY,0.00096
yeeZ,0.00061
yoeB,0.00092
yefM,0.00014
hisL,0.00059
hisG,0.00082
hisD,0.00013
hisC,0.00097
hisB,0.00023
hisH,0.00062
hisA,6e-05
hisF,0.00034
hisI,0.00037
wzzB,0.00035
ugd,0.00017
gnd,0.0001
wbbL,0.00052
insH7,0.00014
wbbK,5e-05
wbbJ,0.00033
wbbI,9e-05
wbbH,0.00073
glf,0.00077
rfbX,9e-05
rfbC,0.00017
rfbA,0.00095
rfbD,0.00076
rfbB,0.00073
galF,0.00056
wcaM,4e-05
wcaL,0.00011
wcaK,0.00078
wzxC,0.00024
wcaJ,0.00039
cpsG,0.00045
cpsB,0.00044
wcaI,0.00028
gmm,0.00032
fcl,0.00069
gmd,0.0009
wcaF,0.00083
wcaE,0.00042
wcaD,0.00063
wcaC,0.00057
wcaB,0.0005
wcaA,0.00099
wzc,9e-05
wzb,0.00016
wza,0.00054
yegH,0.00042
asmA,0.00042
dcd,0.00071
udk,0.00085
dgcE,0.00013
alkA,0.00098
yegD,0.00057
yegI,0.00054
yegJ,0.00035
pphC,0.00019
yegL,0.00012
ibsA,9e-05
ibsB,1e-05
mdtA,0.00028
mdtB,0.00073
mdtC,0.00012
mdtD,0.00081
baeS,0.00029
baeR,0.00086
yegP,0.00052
trhP,0.00084
ogrK,0.0001
yegR,0.0005
yegS,0.00093
gatR,0.00081
insE5,0.00055
insF5,0.00023
gatD,9e-05
gatB,0.00011
gatA,0.00056
gatZ,0.00041
gatY,0.00047
fbaB,0.00064
yegT,0.00024
yegU,7e-05
yegV,0.0002
yegW,0.00083
yegX,0.00068
thiD,0.00021
thiM,0.00014
rcnR,0.00048
rcnA,0.00031
rcnB,1e-05
yehA,9e-05
yehB,0.00033
yehC,0.00013
yehD,0.00055
yehE,0.00055
mrp,0.00025
metG,2e-05
yehF,0.00077
yehI,0.00057
yehK,0.00013
yehL,0.00034
yehM,0.00034
yehP,0.00095
yehQ,0.00047
yehR,0.00049
yehS,0.00074
btsR,0.00022
btsS,0.00063
mlrA,0.00077
yohO,0.00053
yehW,0.00082
yehX,0.00067
yehY,0.00053
osmF,0.00092
bglX,0.00013
dld,0.00095
pbpG,0.00028
yohC,4e-05
yohD,0.00032
yohF,1e-05
yohP,0.001
dusC,0.00019
yohJ,0.00053
yohK,0.00079
cdd,0.00032
sanA,0.00092
yeiS,0.00056
preT,0.0002
preA,0.00038
mglC,0.00091
mglA,0.00065
mglB,0.0007
galS,0.00062
yeiB,0.00033
folE,0.0009
yeiG,0.00017
cirA,0.00022
lysP,0.00086
yeiE,0.00037
yeiH,7e-05
nfo,0.00012
yeiI,0.00088
nupX,0.0006
rihB,0.00095
yeiL,0.00098
psuT,0.00037
psuG,0.00037
psuK,0.00015
fruA,0.00079
fruK,0.00058
fruB,0.00026
setB,0.00026
yeiW,0.00067
yeiP,0.00067
yeiQ,0.00063
yeiR,0.00021
lpxT,0.0006
mepS,0.00015
pdeN,0.00016
yejA,0.00064
yejB,0.00084
yejE,0.00083
yejF,0.00072
yejG,0.00038
bcr,0.00021
rsuA,0.00059
radD,0.00037
rplY,0.00073
yejK,0.00094
yejL,0.00051
lapC,0.00021
yejO,0.00037
insH8,0.00056
narP,0.00011
ccmH,0.00054
ccmG,0.00099
ccmF,0.00096
ccmE,0.00026
ccmD,0.00017
ccmC,0.00092
ccmB,0.00043
ccmA,0.00086
napC,1e-05
napB,0.00085
napH,0.00087
napG,0.00064
napA,0.00036
napD,0.0006
napF,0.00056
yojO,0.00051
eco,0.0004
mqo,0.00074
yojI,0.00078
alkB,0.00045
ada,0.0001
ftp,0.00074
ompC,0.00031
rcsD,0.00069
rcsB,0.00089
rcsC,0.00092
atoS,0.00063
atoC,0.00038
atoD,0.00052
atoA,0.00031
atoE,0.00063
atoB,0.00057
yfaP,0.00072
yfaQ,0.00068
yfaT,0.00023
yfaA,0.00033
gyrA,0.0
ubiG,0.00023
yfaL,0.0006
ypaB,0.00058
nrdA,0.00042
yoaM,0.00052
nrdB,0.00092
yfaE,0.00051
inaA,0.00046
glpQ,0.00084
glpT,0.00042
glpA,0.00033
glpB,0.00093
glpC,0.00057
rpnE,0.00023
yfaU,0.00064
yfaV,0.00067
rhmD,0.00049
yfaX,0.00074
yfaY,0.00095
yfaZ,0.00072
nudI,0.00098
ais,0.00068
arnB,0.00037
arnC,0.0008
arnA,0.00038
arnD,6e-05
arnT,0.00025
arnE,0.00053
arnF,0.00097
pmrD,0.00048
menE,0.00075
menC,0.00017
menB,0.00013
menH,9e-05
menD,8e-05
menF,0.00029
elaB,0.00086
elaA,0.00024
rbn,9e-05
elaD,0.00092
yfbK,0.00052
yfbL,0.00075
yfbM,0.00053
yfbN,1e-05
yfbO,0.00072
yfbP,0.00039
nuoN,0.00072
nuoM,0.00065
nuoL,0.00043
nuoK,0.00022
nuoJ,0.00049
nuoI,1e-05
nuoH,0.0004
nuoG,0.00089
nuoF,0.0002
nuoE,0.00026
nuoC,0.00096
nuoB,0.0001
nuoA,0.0001
lrhA,0.00053
alaA,0.00049
yfbR,0.0004
yfbS,0.00041
hxpA,0.00066
yfbU,0.00044
yfbV,0.00078
ackA,0.00016
pta,0.0008
yfcC,0.00048
yfcD,0.00022
yfcE,0.00016
yfcF,0.00029
yfcG,3e-05
folX,0.00025
yfcH,0.00053
rpnB,0.00088
hisP,0.00085
hisM,0.0001
hisQ,0.00061
hisJ,0.00067
argT,0.00059
ubiX,0.00041
purF,0.00078
cvpA,0.00097
dedD,0.0005
folC,0.00056
accD,0.00025
dedA,3e-05
truA,0.00081
usg,0.0001
pdxB,0.00083
flk,0.00021
yfcJ,1e-05
fabB,0.00028
mnmC,0.00056
yfcL,0.001
epmC,0.0006
yfcA,0.00043
mepA,0.00027
aroC,0.0005
prmB,0.00062
smrB,0.00073
yfcO,0.00031
yfcP,0.00053
yfcQ,4e-05
yfcR,7e-05
yfcS,0.0003
yfcV,0.00062
sixA,0.0007
fadJ,0.00041
fadI,0.00015
yfcZ,0.00039
fadL,0.0003
yfdF,0.00095
mlaA,0.0004
yfdC,0.00012
intS,0.00041
yfdG,7e-05
yfdH,0.00045
yfdI,0.00018
yodE,0.00056
yfdK,0.00053
yfdM,0.00051
yfdN,0.00085
yfdO,7e-05
yfdP,0.0004
yfdQ,0.00056
yfdR,0.00028
yfdS,0.00028
yfdT,0.00054
ypdJ,0.00033
torI,0.00096
dsdC,0.00055
dsdX,0.0003
dsdA,0.00042
emrY,0.00089
emrK,1e-05
evgL,0.00028
evgA,0.0008
evgS,0.00097
yfdE,0.00043
yfdV,0.00069
oxc,0.00024
frc,0.00061
yfdX,0.00057
ypdI,0.00011
yfdY,0.00046
lpxP,0.00093
ypdK,0.00038
alaC,0.00052
pyrS,9e-05
pyrR,0.00025
ypdC,0.00088
fryA,0.00013
ypdE,2e-05
ypdF,0.00099
fryC,0.00044
fryB,0.00066
glk,0.00059
yfeO,0.00052
ypeC,0.00097
mntH,0.00055
ypeD,0.0005
nupC,0.00044
insL3,0.00064
pdeA,0.00033
yfeC,3e-05
yfeD,0.00023
gltX,0.00068
xapR,8e-05
xapB,0.00092
xapA,0.00041
yfeN,0.0006
yfeR,0.0005
yfeH,0.00082
ypeB,0.00083
ligA,0.0001
zipA,3e-05
cysZ,0.00014
cysK,3e-05
ptsH,0.00023
ptsI,0.00011
crr,0.00022
pdxK,9e-05
yfeK,0.00078
yfeS,0.00037
cysM,0.00043
cysA,0.00054
cysW,0.00063
cysU,0.00074
cysP,0.00022
ucpA,0.00056
murR,0.00038
murQ,0.00025
murP,0.00066
yfeW,0.00059
yfeX,0.00045
yfeY,0.00047
yfeZ,0.00072
ypeA,0.00067
amiA,8e-05
hemF,0.00021
eutR,0.00096
eutK,0.00021
eutL,0.00043
eutC,0.00052
eutB,0.00057
intZ,0.00075
yffL,0.00055
yffM,0.00088
yffN,0.00063
yffO,4e-05
yffP,0.0005
yffQ,0.00047
yffR,0.00044
yffS,0.00046
eutA,0.00022
eutH,0.0009
eutG,0.00049
eutJ,0.0001
eutE,6e-05
eutN,0.001
eutM,0.0007
eutD,0.00076
eutT,0.00075
eutQ,0.00087
eutP,0.00059
eutS,0.00055
maeB,0.00035
talA,0.00084
tktB,0.00024
ypfG,0.00035
nudK,0.00045
aegA,4e-05
narQ,4e-05
acrD,0.00092
ypfM,0.00071
yffB,0.00084
dapE,0.00053
ypfN,0.00037
ypfH,0.0004
tmcA,0.00091
ypfJ,0.0008
purC,0.00076
bamC,0.00089
dapA,0.00085
gcvR,0.00014
bcp,0.00093
hyfA,0.00057
hyfB,0.00055
hyfC,0.00098
hyfD,0.0001
hyfE,0.00086
hyfF,0.00064
hyfG,0.00039
hyfH,0.00097
hyfI,0.00088
hyfJ,0.00097
hyfR,0.00021
focB,0.00065
yfgO,0.00014
bepA,0.00098
yfgD,0.00065
hda,0.00088
uraA,0.00011
upp,0.00078
purM,2e-05
purN,0.00088
ppk,0.00054
ppx,0.00043
pdeF,0.0001
yfgG,0.00084
yfgH,0.00061
yfgI,0.00075
guaA,0.00089
guaB,0.00079
xseA,0.00088
yfgJ,0.00044
der,0.00082
bamB,0.00028
yfgM,0.00042
hisS,0.00097
ispG,0.00086
rodZ,0.00046
rlmN,9e-05
ndk,0.00083
pbpC,0.0
yfhM,0.00031
sseA,0.00077
timP,0.00075
sseB,0.00019
pepB,0.00091
iscX,0.00097
fdx,0.00052
hscA,0.00019
hscB,0.00034
iscA,8e-05
iscU,0.00071
iscS,0.00024
iscR,0.00028
trmJ,0.00013
suhB,0.00061
yfhR,0.00089
csiE,0.00071
hcaT,0.00094
hcaR,0.00013
iroK,0.00062
hcaE,0.00092
hcaF,0.00029
hcaC,0.0001
hcaB,0.00022
hcaD,0.00032
yphA,3e-05
yphB,0.0003
yphC,0.00072
yphD,0.00035
yphE,0.00025
yphF,0.00078
yphG,0.00024
yphH,0.00092
glyA,0.00016
hmp,0.00019
glnB,0.00054
glrR,3e-05
qseG,8e-05
glrK,0.0004
purL,0.00042
mltF,0.00032
tadA,7e-05
pgpC,0.00058
yfhH,0.00019
yfhL,0.00094
shoB,0.00074
acpS,0.0005
pdxJ,0.00073
recO,0.00096
era,0.00034
rnc,0.00067
lepB,0.00027
lepA,0.00017
rseC,0.00014
rseB,0.00068
rseA,0.00022
rpoE,0.00089
rseD,0.00081
nadB,0.00071
yfiC,0.00055
srmB,7e-05
yfiE,0.00096
eamB,0.00036
grcA,0.00064
ung,0.00045
yfiF,0.00097
trxC,0.00099
tapT,0.00034
patZ,0.00087
pssL,0.00053
pssA,0.00075
yfiM,0.0007
kgtP,0.00083
yfiS,0.00048
clpB,2e-05
clpB,0.00027
yfiH,0.00072
rluD,0.00069
bamD,0.00081
raiA,0.00031
pheL,0.00098
pheA,0.00068
tyrA,0.00063
aroF,0.00067
yfiL,0.00052
yfiR,0.00042
dgcN,0.00095
yfiB,4e-05
rplS,0.00047
trmD,0.00074
rimM,0.00086
rpsP,0.00017
ffh,0.00065
ypjD,0.00095
yfjD,0.00093
grpE,0.00076
nadK,0.00061
recN,0.00091
bamE,0.00093
yfjF,0.00011
ratA,0.00085
smpB,0.0007
intA,0.00021
yfjH,0.00088
alpA,0.00092
yfjI,0.00072
yfjJ,0.00063
abpB,0.00045
abpA,0.00063
yfjM,0.00066
rnlA,0.00093
rnlB,0.0008
yfjP,0.00018
yfjQ,0.00021
yfjR,0.00075
ypjK,0.00028
yfjS,5e-05
yfjT,0.00061
yfjU,0.00089
yfjW,0.00096
yfjX,0.00067
yfjY,0.00022
ypjJ,0.0006
yfjZ,0.0004
ypjF,0.00094
ypjA,0.00063
ypjB,0.00027
ypjC,0.00084
glaH,0.00077
lhgD,0.00018
gabD,0.00043
gabT,0.00027
gabP,0.00011
glaR,0.00054
kbp,3e-05
yqaE,0.00071
ygaV,0.0004
ygaP,0.00073
stpA,0.00057
alaE,0.00078
ygaC,0.00085
ygaM,1e-05
nrdH,0.00075
nrdI,0.00078
nrdE,0.00069
nrdF,2e-05
proV,7e-05
proW,0.00025
proX,0.00084
ygaZ,5e-05
ygaH,0.00067
mprA,0.00083
emrA,0.00094
emrB,0.00023
luxS,0.00018
gshA,8e-05
yqaA,0.00062
yqaB,0.00066
csrA,6e-05
alaS,0.00095
recX,0.00067
recA,0.00034
pncC,0.00034
mltB,0.0008
srlA,0.00038
srlE,0.0008
srlB,0.00015
srlD,0.00056
gutM,0.00089
srlR,0.00075
gutQ,0.00024
norR,0.00093
norV,0.00085
norW,0.00069
hypF,0.00036
hydN,0.00056
ascG,0.00052
ascF,0.00013
ascB,0.00041
hycI,0.00032
hycH,0.00051
hycG,0.00089
hycF,0.0
hycE,0.00031
hycD,0.00085
hycC,0.00079
hycB,0.00053
hycA,0.00094
hypA,0.00075
hypB,0.0
hypC,0.00058
hypD,0.00046
hypE,0.00029
fhlA,0.00089
ygbA,0.00063
mutS,6e-05
pphB,0.00073
ygbI,0.00087
ygbJ,0.00032
ygbK,7e-05
ygbL,0.00032
ygbM,0.00051
ygbN,0.00068
rpoS,0.0001
nlpD,0.00051
pcm,0.00079
umpG,0.00025
truD,0.00026
ispF,0.00026
ispD,0.00096
ftsB,0.00048
ygbE,0.0008
cysC,0.0009
cysN,0.00055
cysD,0.0006
iap,0.00085
cas2,0.00061
cas1,0.0009
casE,0.00083
casD,0.00063
casC,0.00026
casB,0.00086
casA,0.00013
cas3,0.00073
cysH,0.00041
cysI,0.00073
cysJ,1e-05
queD,0.00076
ygcN,0.0003
ygcO,0.00053
ygcP,0.00094
ygcQ,0.00015
ygcR,0.00033
ygcS,0.0004
ygcU,0.00066
ygcW,0.00054
yqcE,0.00025
ygcE,0.00076
queE,0.00062
yqcG,0.00039
ygcG,0.00031
eno,0.00096
pyrG,0.00051
mazG,0.00069
mazF,0.00044
mazE,0.00021
relA,0.00072
rlmD,0.00059
barA,0.00097
gudD,0.0006
gudX,0.0001
gudP,0.00084
yqcA,0.0006
truC,0.00028
yqcC,0.00047
syd,0.00063
queF,0.00087
ppnN,0.00055
sdaC,0.00071
sdaB,0.00072
ygdG,0.00085
fucO,0.0006
fucA,0.00069
fucP,0.00085
fucI,0.00049
fucK,0.00094
fucU,0.00031
fucR,0.00069
rlmM,0.00021
ygdD,0.00011
gcvA,0.0006
ygdI,0.00039
csdA,0.00055
csdE,0.00036
tcdA,0.0007
mltA,0.00095
amiC,0.00045
argA,0.00027
recD,0.00093
recB,0.00095
ptrA,0.00086
recC,0.00014
ppdC,0.00077
ygdB,3e-05
ppdB,0.00083
ppdA,0.00031
thyA,0.0001
lgt,0.00083
ptsP,0.00095
rppH,0.00015
ygdT,0.00093
mutH,0.00023
ygdQ,0.00061
ygdR,0.00012
tas,0.00059
lplT,0.00048
aas,0.00096
galR,0.0004
lysA,0.0002
lysR,0.00059
ygeA,0.00028
araE,0.00024
kduD,0.00042
kduI,0.00052
yqeF,0.00062
yqeG,0.00032
yqeH,0.00077
yqeI,0.00081
yqeJ,0.00087
yqeL,0.00047
yqeK,0.00014
ygeG,0.00097
ygeH,0.00061
ygeI,0.00099
insD4,4e-05
insC4,0.00047
ygeQ,0.00096
actS,0.00036
xdhA,0.00061
xdhB,0.00085
xdhC,0.00089
ygeV,0.00033
ygeW,0.00056
ygeX,0.00029
ygeY,0.00057
hyuA,0.00049
yqeA,0.0001
yqeB,0.00048
yqeC,0.0007
mocA,2e-05
ygfK,0.00077
ssnA,0.00058
ygfM,0.00041
xdhD,0.00046
xanQ,0.00025
guaD,0.00085
ghxQ,0.0004
ygfS,0.00056
ygfT,0.00038
uacT,9e-05
yqfG,0.00058
yqfH,0.00066
idi,0.00081
lysS,0.00052
prfB,0.00013
recJ,0.00074
dsbC,0.00071
xerD,0.00023
fldB,0.00063
ygfX,0.0003
sdhE,0.00031
ygfZ,0.00089
yqfA,5e-05
yqfB,0.00041
bglA,0.00019
ygfF,0.00036
gcvP,0.00034
gcvH,0.00024
gcvT,0.001
yqfI,0.00022
ubiI,0.00047
ubiH,0.00059
pepP,0.00016
ygfB,0.00062
zapA,6e-05
fau,0.00085
ibsC,0.00018
serA,0.00057
rpiA,0.00048
argP,0.00062
scpA,0.00059
argK,0.00063
scpB,0.00068
scpC,2e-05
ygfI,0.0008
yggE,1e-05
argO,0.00081
mscS,0.00076
fbaA,0.00046
pgk,0.00032
epd,0.00049
yggC,0.00052
fumE,0.00099
yggF,0.00087
yggP,0.00041
cmtA,0.00015
cmtB,0.00068
tktA,0.00074
loiP,8e-05
speB,1e-05
speA,0.00034
yqgB,0.00012
yqgG,0.00053
yqgC,0.00018
yqgD,0.00058
metK,4e-05
galP,0.00033
yggI,0.00012
endA,0.00064
rsmE,0.00068
gshB,0.00014
yqgE,0.00013
yqgF,0.00086
yggR,0.00078
yggS,0.00014
yggT,0.00094
yggU,5e-05
rdgB,0.00042
hemW,0.00038
yggM,0.00022
ansB,6e-05
yggN,0.00053
yggL,0.00088
trmB,0.00099
mutY,6e-05
yggX,0.0003
mltC,0.00045
nupG,0.00099
speC,0.00019
yqgH,0.00076
yqgA,0.0
yghD,0.00046
yghE,0.00082
yqhJ,0.00089
yghF,0.00014
yghG,0.00087
pppA,0.00086
yghJ,0.00012
glcA,0.00077
glcB,0.00088
glcG,0.0002
glcF,0.00071
glcE,0.00077
glcD,0.00053
glcC,0.00083
yghO,0.00046
insH9,0.00094
yghQ,0.00021
yghR,0.00072
yghS,0.00012
yghT,0.00027
pitB,0.00095
gss,0.0008
yghU,0.00027
hybG,0.00065
hybF,0.00053
hybE,0.0008
hybD,0.00083
hybC,0.00099
hybB,0.00025
hybA,0.0004
hybO,0.00025
yghW,0.00098
yqhI,0.00041
gpr,0.00085
yqhA,0.0005
yghA,9e-05
exbD,0.00042
exbB,7e-05
metC,8e-05
yghB,0.00094
yqhC,0.00085
yqhD,0.00074
dkgA,0.00027
yqhG,0.00098
yqhH,0.00049
ygiQ,0.00064
ftsP,1e-05
plsC,0.00095
parC,0.00023
ygiS,0.00046
mqsA,8e-05
mqsR,0.00044
ygiV,0.00085
ygiW,0.00029
qseB,6e-05
qseC,0.00044
ygiZ,0.0008
mdaB,0.0007
ygiN,0.00064
parE,0.00052
yqiA,0.00068
cpdA,0.00095
yqiB,0.00088
nudF,0.00047
tolC,0.00073
ygiB,0.00041
ygiC,0.00041
ygiD,0.00025
zupT,0.00076
yqiD,0.00015
ribB,0.0003
ubiK,0.00073
ygiL,0.0007
yqiG,0.00011
insC5,0.00027
insD5,0.00067
yqiH,0.0007
yqiI,4e-05
glgS,0.00043
yqiJ,9e-05
yqiK,0.00036
ibsD,0.00061
ibsE,0.00017
hldE,0.0
glnE,0.00058
ygiF,0.00021
ygiM,0.00032
cca,0.0006
bacA,0.00011
folB,0.00043
plsY,0.00021
ttdR,0.00033
ttdA,0.00032
ttdB,0.00033
ttdT,0.00039
tsaD,9e-05
rpsU,0.00064
dnaG,0.00055
rpoD,0.00042
mug,0.00034
nfeF,7e-05
nfeR,0.00083
aer,0.00045
patA,0.00089
ygjH,0.00068
ebgR,0.00098
ebgA,0.00083
ebgC,1e-05
ygjI,0.0002
ygjJ,0.00078
ygjK,0.00086
fadH,0.00075
higA,0.00083
higB,0.00059
rlmG,0.00041
ygjP,0.00022
ygjQ,0.00029
ygjR,0.00038
alx,0.00042
sstT,0.00019
ygjV,0.00019
uxaA,0.00017
uxaC,0.00087
exuT,0.00045
exuR,0.00097
yqiM,0.00055
yqjA,0.00086
mzrA,0.00084
yqjC,0.00052
yqjD,0.00059
yqjE,0.00081
yqjK,0.00075
yqjF,0.00088
yqjG,0.00084
yhaH,0.00045
yhaI,0.00012
yhaJ,0.00051
yhaK,0.00022
yhaL,3e-05
cyuA,6e-05
cyuP,5e-05
tdcG,0.00048
tdcF,0.00045
tdcE,0.0003
tdcD,0.00029
tdcC,0.00057
tdcB,0.00043
tdcA,0.00091
tdcR,0.00057
yhaB,0.00093
yhaC,0.00033
garK,0.00021
garR,0.00027
garL,0.00065
garP,0.00045
garD,0.00046
prlF,0.00095
yhaV,0.00051
agaR,0.00026
kbaZ,0.00047
agaV,0.00027
agaS,0.00061
kbaY,0.00057
agaB,9e-05
agaC,0.00058
agaD,0.00074
agaI,0.00027
yraH,0.00022
yraI,0.00053
yraJ,0.00053
yraK,0.00099
rsmI,0.00085
lpoA,0.00077
yraN,0.00075
diaA,0.00018
dolP,0.00026
yraQ,8e-05
yraR,0.00092
yhbO,0.0003
yhbP,0.00065
yhbQ,0.00042
yhbS,0.00093
ubiT,0.00093
ubiU,0.00031
ubiV,0.00079
yhbW,2e-05
mtr,0.00042
deaD,0.0003
yrbN,0.00015
nlpI,0.00066
pnp,0.00029
rpsO,0.0008
truB,0.00085
rbfA,0.001
infB,0.00056
infB,0.00012
infB,0.00091
nusA,8e-05
rimP,0.00018
argG,0.00097
yhbX,0.00056
secG,0.00084
glmM,0.0002
folP,0.00098
ftsH,0.00093
rlmE,0.00058
yhbY,0.00094
greA,0.00064
dacB,0.00076
obgE,0.00018
yhbE,0.00045
rpmA,0.00029
rplU,0.00095
ispB,0.0003
sfsB,0.00073
murA,0.00037
ibaG,3e-05
mlaB,0.00076
mlaC,0.00097
mlaD,0.00017
mlaE,0.0009
mlaF,0.00011
yrbG,0.00045
kdsD,0.00056
kdsC,0.00016
lptC,0.00058
lptA,0.00078
lptB,0.00043
rpoN,0.00052
hpf,0.00025
ptsN,0.0003
rapZ,0.00045
npr,0.00074
yrbL,0.00035
mtgA,0.00073
elbB,0.00037
arcB,0.00048
yhcC,0.00036
gltB,0.00032
gltD,6e-05
gltF,0.00069
yhcA,0.0003
yhcD,0.00012
yhcE,0.00064
insH10,0.00045
yhcF,0.00024
yhcG,0.00063
nanQ,0.00024
nanK,0.00043
nanE,0.00033
nanT,0.00032
nanA,0.0008
nanR,0.00074
dcuD,0.00058
sspB,0.00013
sspA,0.0002
rpsI,0.00062
rplM,0.00068
zapE,0.00048
zapG,0.00036
degQ,5e-05
degS,0.00098
mdh,0.0001
argR,0.00038
yhcN,0.00057
yhcO,0.00021
aaeB,0.00066
aaeA,0.00054
aaeX,0.00023
aaeR,0.00028
tldD,0.00076
yhdP,0.00096
rng,0.0003
yhdE,0.00073
mreD,0.00019
mreC,0.00072
mreB,0.0003
csrD,0.00034
yhdH,0.00082
accB,0.00035
accC,0.00095
yhdT,0.00023
panF,0.00031
prmA,0.00047
dusB,0.00073
fis,0.00043
yhdJ,0.00072
yhdU,6e-05
envR,0.00091
acrE,0.0004
acrF,0.00022
yhdV,0.00078
yhdX,0.00089
yhdY,0.0002
yhdZ,0.0004
yrdA,0.00069
yrdB,0.0004
aroE,0.00036
tsaC,0.00024
yrdD,0.00038
smg,0.00036
smf,0.0001
def,0.0005
fmt,0.00084
rsmB,0.00059
trkA,6e-05
mscL,0.0006
arfA,0.00023
zntR,2e-05
yhdN,0.00045
rplQ,0.0004
rpoA,0.00056
rpsD,1e-05
rpsK,0.00036
rpsM,0.00044
rpmJ,0.0003
secY,0.00017
rplO,0.00079
rpmD,0.0001
rpsE,0.00061
rplR,0.00081
rplF,0.00089
rpsH,0.00014
rpsN,0.00057
rplE,0.00018
rplX,0.00067
rplN,0.00032
rpsQ,0.00067
rpmC,0.00071
rplP,0.00065
rpsC,0.00039
rplV,0.00029
rpsS,0.00065
rplB,0.00014
rplW,0.00092
rplD,0.00051
rplC,0.00095
rpsJ,0.001
gspB,0.00028
gspA,0.0
gspC,4e-05
gspD,0.00089
gspE,0.00053
gspF,0.00061
gspG,0.00014
gspH,0.00043
gspI,0.00035
gspJ,0.0007
gspK,0.00052
gspL,4e-05
gspM,0.00053
gspO,0.00012
bfr,0.00075
bfd,0.00073
chiA,3e-05
tufA,0.00068
fusA,0.00033
rpsG,0.00025
rpsL,0.00098
tusB,0.00098
tusC,9e-05
tusD,0.00088
yheO,0.0005
fkpA,0.00077
slyX,0.00079
slyD,0.00067
yheV,0.00053
kefB,0.00051
kefG,0.00092
yheS,0.00028
yheT,0.00032
yheU,0.00098
prkB,0.00074
yhfA,0.00051
crp,0.00044
yhfK,0.00084
argD,0.00098
yrfJ,0.0006
pabA,0.00042
fic,0.00017
yhfG,0.0009
ppiA,0.00029
tsgA,0.00036
nirB,0.00035
nirD,0.00047
nirC,0.0
cysG,0.00073
yhfL,0.00024
frlA,0.00028
frlB,0.00084
frlC,0.00061
frlD,0.00094
frlR,0.00065
yhfS,0.00081
yhfT,0.00059
yhfU,0.00013
php,0.00034
yhfW,0.00091
yhfX,6e-05
yhfY,0.0001
yhfZ,5e-05
trpS,0.00049
gph,0.00069
rpe,0.00019
dam,0.00023
damX,0.0004
aroB,0.00051
aroK,0.00048
hofQ,0.0004
hofP,0.00044
hofO,0.00067
hofN,0.00038
hofM,0.0004
mrcA,0.00089
nudE,8e-05
igaA,4e-05
yrfG,0.00097
hslR,0.00043
hslO,0.00012
yhgE,0.00059
pck,0.00071
envZ,0.00067
ompR,0.00095
greB,0.00087
yhgF,0.00093
feoA,0.00061
feoB,0.00065
feoC,0.00084
rpnA,0.00044
bioH,0.00018
yhgH,0.00051
nfuA,0.00091
gntT,6e-05
malQ,0.0002
malP,0.00096
malT,0.00096
rtcA,0.00073
rtcB,0.00082
rtcR,0.00016
glpG,0.00078
glpE,0.00095
glpD,0.00066
yzgL,0.00035
glgP,0.00093
glgA,0.00099
glgC,4e-05
glgX,0.00079
glgB,0.0008
yhgO,0.00019
yhgP,6e-05
asd,0.0009
yhgN,8e-05
gntU,0.00071
gntK,0.00076
gntR,0.00093
yhhW,0.00028
yhhX,0.00097
yhhY,0.00077
yhhZ,0.00065
yrhA,0.00026
insA6,0.0008
insB6,0.0005
yrhD,0.00063
yrhB,0.00064
ggt,0.00042
yhhA,0.00032
ugpQ,0.00059
ugpC,0.00017
ugpE,0.00062
ugpA,0.00035
ugpB,0.00011
livF,0.00074
livG,0.00014
livM,3e-05
livH,0.00014
livK,0.00049
panZ,0.0006
livJ,0.00032
rpoH,4e-05
ftsX,0.00087
ftsE,0.00025
ftsY,0.00043
rsmD,0.00057
yhhL,0.00039
yhhM,0.00066
yhhN,0.00091
zntA,0.00082
tusA,0.00069
yhhQ,0.00039
dcrB,0.00028
yhhS,0.0009
yhhT,0.00077
acpT,0.00056
nikA,0.00024
nikB,0.00034
nikC,0.00016
nikD,0.00081
nikE,0.00014
nikR,0.001
rhsB,0.00099
yhhH,9e-05
yhhI,0.00084
yhhJ,0.00042
rbbA,0.00048
yhiI,0.00074
yhiY,0.00089
yhiJ,0.00074
yhiM,0.00014
yhiN,1e-05
pitA,0.00084
uspB,0.00082
uspA,0.00022
yriA,0.00034
yriB,0.00048
dtpB,0.00086
rsmJ,0.00026
prlC,0.00072
rlmJ,0.00072
gor,0.0007
dinQ,0.00043
arsR,0.00071
arsB,0.00073
arsC,0.00083
yhiS,5e-05
insH11,0.00031
slp,0.00046
dctR,0.00011
yhiD,0.00022
hdeB,0.00039
hdeA,0.00093
hdeD,0.00022
gadE,0.00037
mdtE,0.00028
mdtF,0.00015
gadW,0.00079
gadX,0.00028
gadA,0.0006
ccp,3e-05
treF,0.00033
yhjB,0.00032
rcdB,0.0004
yhjD,0.0002
yhjE,0.00066
yhjG,0.00032
pdeH,0.00049
kdgK,0.0006
yhjJ,0.00078
dctA,0.00054
pdeK,9e-05
bcsC,3e-05
bcsZ,0.00056
bcsB,0.00037
bcsA,0.00084
yhjR,0.00037
bcsE,0.00069
bcsF,0.00033
bcsG,0.00044
ldrD,0.00028
yhjV,0.00037
dppF,0.00074
dppD,0.00061
dppC,0.0001
dppB,0.001
dppA,0.00037
eptB,2e-05
yhjX,0.0002
yhjY,0.00021
tag,0.00012
yiaC,0.00044
bisC,0.00033
yiaD,0.00099
ghrB,0.00096
yiaF,0.00014
yiaG,0.00086
cspA,0.00043
ysaE,0.00075
hokA,0.0004
insJ,0.001
insK,0.0004
glyS,0.00076
glyQ,0.00077
ysaB,0.00017
wecH,0.00063
yiaA,0.00029
yiaB,0.00034
xylB,0.00096
xylA,0.00066
xylF,0.00084
xylG,0.00056
xylH,0.00022
xylR,0.00034
bax,0.00068
baxL,0.00052
malS,0.0004
avtA,6e-05
ysaA,7e-05
plaR,0.00029
yiaK,3e-05
yiaL,0.0007
yiaM,0.00063
yiaN,0.0007
yiaO,0.00075
lyxK,0.00016
sgbH,0.00055
sgbU,0.00019
sgbE,0.00097
yiaT,0.00094
yiaU,0.00068
yiaV,0.00053
yiaW,0.00029
aldB,3e-05
yiaY,0.00036
selB,0.00019
selA,0.00083
yibF,0.00014
rhsA,0.0004
yibA,0.00045
yibG,0.00066
yibV,0.00075
yibH,0.0003
yibI,0.00077
mtlA,0.00081
mtlD,0.00063
mtlR,0.00028
yibT,0.00097
yibL,5e-05
lldP,0.00038
lldR,0.00017
lldD,0.00028
trmL,0.00046
cysE,3e-05
gpsA,0.00049
secB,0.00058
grxC,0.00013
yibN,0.00021
gpmM,0.0
envC,6e-05
yibQ,0.00074
waaH,0.00026
tdh,0.00069
kbl,0.00062
htrL,0.00015
rfaD,0.00059
waaF,0.0004
waaC,0.00046
waaL,0.00019
yibX,0.00086
yibX,0.00049
yibY,0.0003
waaU,0.00058
waaZ,0.00052
waaY,4e-05
waaJ,0.00042
waaO,0.00012
waaB,0.00016
waaS,0.00037
waaP,0.00084
waaG,0.00075
waaQ,6e-05
waaA,0.00094
coaD,0.0003
mutM,0.00059
rpmG,0.00029
rpmB,0.00077
yicR,0.0005
dfp,0.00036
dut,0.00025
slmA,0.00097
pyrE,9e-05
rph,0.00024
yicC,0.00055
dinD,0.00042
yicG,0.00035
ligB,2e-05
gmk,0.0005
rpoZ,1e-05
spoT,0.00026
trmH,0.0008
recG,0.00078
gltS,0.00018
xanP,0.00016
yicH,0.00092
yicI,0.00019
yicJ,0.0003
setC,0.00048
yicL,0.00073
yicU,0.00059
nlpA,0.00068
yicS,0.00025
nepI,0.00017
yicN,0.00055
adeQ,0.00059
adeD,0.0005
uhpT,0.00062
uhpC,0.00084
uhpB,0.00033
uhpA,0.00091
ilvN,0.00017
ilvB,0.0002
ivbL,0.00086
tisB,0.00067
ysdE,0.00065
emrD,0.00026
yidF,0.00069
yidG,0.00047
yidH,0.00015
yidI,2e-05
yidJ,0.00073
yidK,0.00052
yidL,0.00086
glvB,0.00074
glvC,0.00084
yidP,7e-05
yidE,0.00032
ibpB,0.00018
ibpA,0.00088
yidQ,0.00017
yidR,0.00042
cbrA,0.00063
dgoT,0.00076
dgoD,0.00075
dgoA,0.00025
dgoK,0.00075
dgoR,0.00022
yidX,0.00018
yidA,0.00059
yidB,0.00079
gyrB,0.00097
recF,0.00021
dnaN,0.0004
dnaA,0.00093
ysdD,0.00022
rpmH,0.00064
rnpA,0.00051
yidD,0.0008
yidC,0.00052
mnmE,0.00056
tnaC,0.0003
tnaA,0.00067
tnaB,1e-05
mdtL,0.00024
yidZ,0.00038
yieE,0.00061
yieF,0.00012
adeP,0.00089
yieH,0.00034
cbrB,0.00066
cbrC,0.00075
yieK,0.00033
yieL,0.00025
bglH,5e-05
bglB,0.00018
bglF,0.00047
bglG,0.00067
phoU,0.00056
pstB,0.0005
pstA,0.00074
pstC,0.00091
pstS,0.0
glmS,0.00066
glmU,0.00042
atpC,0.00031
atpD,0.00026
atpG,0.0001
atpA,0.00097
atpH,0.00092
atpF,0.0002
atpE,0.00038
atpB,0.00075
atpI,0.00035
rsmG,0.00013
mnmG,0.00041
mioC,0.0001
asnC,0.00047
asnA,0.00031
viaA,0.00024
ravA,0.00012
kup,0.00023
rbsD,0.0002
rbsA,0.00031
rbsC,0.00066
rbsB,0.00031
rbsK,0.00015
rbsR,0.00035
hsrA,0.0
yieP,0.00072
hdfR,0.00043
maoP,0.00033
yifB,0.00031
ilvL,0.00045
ilvX,0.00032
ilvM,0.00097
ilvE,0.00062
ilvD,0.00069
ilvA,0.0006
ilvY,0.00023
ilvC,0.00026
ppiC,0.00033
rep,0.00065
gpp,0.0006
rhlB,0.00071
trxA,0.0009
rhoL,0.00084
rho,8e-05
rfe,0.00056
wzzE,3e-05
wecB,0.00092
wecC,0.00033
rffG,0.00033
rffH,0.00062
rffC,0.00076
wecE,0.001
wzxE,0.00026
wecF,0.00084
wzyE,0.00024
rffM,0.00083
yifK,0.00047
aslB,0.00065
aslA,0.00022
hemY,0.00073
hemX,9e-05
hemD,0.00026
hemC,0.00088
cyaA,0.00067
cyaY,0.00021
yzcX,0.00065
yifL,3e-05
dapF,0.00054
yigA,0.0006
xerC,0.00084
yigB,0.00033
uvrD,0.00097
yigE,0.00083
ysgD,0.001
corA,0.00055
yigF,0.00011
yigG,0.00059
rarD,0.00055
yigI,0.00064
pldA,0.00026
recQ,0.00067
rhtC,0.00034
rhtB,0.00063
pldB,0.00058
yigL,0.00058
bioP,0.0004
metR,0.00041
metE,0.0005
ysgA,2e-05
udp,0.00095
rmuC,0.00058
ubiE,0.00078
ubiJ,0.00075
ubiB,0.00019
tatA,0.00012
tatB,0.00033
tatC,0.00048
tatD,9e-05
rfaH,0.00016
ubiD,0.001
fre,0.00068
fadA,0.00028
fadB,9e-05
pepQ,0.00015
yigZ,0.00079
trkH,0.00061
hemG,0.00065
mobB,0.00092
mobA,0.00034
yihD,0.00016
srkA,0.00088
dsbA,0.00074
yihF,5e-05
yihG,0.00079
polA,0.00019
yihA,0.00089
yihI,0.00034
hemN,0.00036
yshB,0.00093
glnG,0.00039
glnL,0.00078
glnA,0.00025
bipA,0.00049
yihL,0.00088
yihM,0.00033
yihN,0.00033
ompL,0.00083
yihO,0.00034
yihP,0.00048
yihQ,0.00076
yihR,0.00083
yihS,0.00023
yihT,0.00037
yihU,0.00083
yihV,0.00053
csqR,0.00057
yihX,0.00012
yihY,0.00045
dtd,0.00063
fabY,0.00099
yiiE,0.00098
yiiF,0.00082
fdhE,0.00058
fdoI,0.00073
fdoH,0.00066
fdoG,0.00097
fdhD,0.00064
yiiG,0.00012
frvR,0.00016
frvX,0.00036
frvB,0.0004
frvA,0.00051
rhaM,0.00071
rhaD,0.00078
rhaA,0.00057
rhaB,0.00082
rhaS,0.00044
rhaR,0.00065
rhaT,0.00095
sodA,0.00047
kdgT,0.00095
yiiM,9e-05
cpxA,0.0006
cpxR,0.0003
cpxP,0.0004
fieF,0.00047
pfkA,0.00065
sbp,0.00038
cdh,0.00084
tpiA,0.00031
yiiQ,0.00058
yiiR,0.00077
yiiS,0.00041
uspD,0.00098
fpr,0.00041
glpX,3e-05
glpK,0.00035
glpF,0.0009
zapB,7e-05
rraA,0.00068
menA,0.00094
hslU,0.00035
hslV,0.00087
ftsN,0.00045
cytR,0.00082
priA,0.00043
rpmE,0.00096
yiiX,0.00093
metJ,0.00078
metB,0.0007
metL,0.00077
metF,0.00027
katG,1e-05
yijE,0.00095
yijF,0.00028
gldA,0.00034
fsaB,0.00082
ptsA,0.0009
frwC,0.00026
frwB,0.00083
pflD,0.00042
pflC,0.00019
frwD,0.00074
yijO,0.00049
eptC,0.00012
ppc,0.001
argE,0.00041
argC,0.00046
argB,0.0
argH,0.00028
oxyR,0.00081
sthA,0.00039
fabR,0.00023
yijD,0.00089
trmA,0.00064
btuB,3e-05
murI,0.00028
murB,0.00045
birA,0.00054
coaA,0.00045
tufB,0.00052
secE,4e-05
nusG,0.00017
rplK,0.0006
rplA,8e-05
rplJ,0.00048
rplL,0.00096
rpoB,5e-05
rpoC,0.00066
yjaZ,0.00028
thiH,0.00092
thiG,0.00063
thiS,0.00074
thiF,0.00038
thiE,0.00012
thiC,0.00024
rsd,0.0003
nudC,0.00086
hemE,0.00053
nfi,0.00095
yjaG,0.0005
hupA,0.00045
yjaH,0.00039
zraP,0.00049
zraS,0.00041
zraR,0.00093
purD,0.00067
purH,0.00079
yjaA,0.00096
yjaB,0.0002
metA,0.0003
aceB,0.00042
aceA,0.00098
aceK,0.00024
arpA,0.0001
iclR,0.00059
metH,3e-05
yjbB,0.0005
pepE,3e-05
rluF,0.00066
yjbD,0.00072
lysC,0.00017
pgi,0.00037
yjbE,9e-05
yjbF,0.00021
yjbG,0.00023
yjbH,0.00095
yjbT,0.00024
psiE,0.00053
xylE,0.00028
malG,0.00024
malF,0.00054
malE,0.0005
malK,0.00074
lamB,0.00098
malM,0.00096
ubiC,0.00071
ubiA,0.00094
plsB,0.00032
dgkA,0.00075
lexA,0.00077
dinF,0.00072
yjbJ,0.0006
zur,0.00061
yjbL,0.00096
yjbM,0.00028
dusA,0.00022
pspG,0.00039
qorA,0.00066
dnaB,0.00013
alr,0.00054
tyrB,4e-05
yjbS,0.00054
aphA,0.00041
yjbQ,0.00049
yjbR,0.00016
uvrA,6e-05
ssb,0.00054
yjcB,0.00015
pdeC,0.0008
soxS,5e-05
soxR,0.00037
ghxP,0.00061
yjcE,0.00087
yjcF,0.00073
actP,0.00096
yjcH,0.00063
acs,0.00021
ytcB,7e-05
nrfA,0.00011
nrfB,0.00066
nrfC,0.00016
nrfD,0.00096
nrfE,0.00084
nrfF,0.00086
nrfG,0.00097
gltP,0.00088
yjcO,0.00096
fdhF,0.00073
mdtP,0.00018
mdtO,0.0003
mdtN,0.0001
ytcA,0.00083
yjcS,0.0001
alsK,0.00011
alsE,0.00016
alsC,0.00058
alsA,0.00072
alsB,0.00064
alsR,0.001
rpiB,0.00093
yjdP,0.00067
phnP,0.00035
phnO,0.00099
phnN,0.00091
phnM,0.00034
phnL,0.00013
phnK,0.00089
phnJ,6e-05
phnI,0.00056
phnH,0.00012
phnG,0.0
phnF,0.00013
phnD,0.00052
phnC,0.00049
yjdN,0.00096
yjdM,0.00017
rdcA,0.00062
rdcB,0.00053
proP,0.00038
pmrR,4e-05
basS,6e-05
basR,5e-05
eptA,0.0009
adiC,0.00089
adiY,0.00089
adiA,0.00064
melR,0.001
melA,0.00057
melB,0.00016
yjdF,0.00053
fumB,0.00058
dcuB,0.0004
dcuR,0.00088
dcuS,0.00046
yjdI,0.00097
yjdJ,0.00015
ghoS,0.00079
ghoT,2e-05
lysU,0.00049
dtpC,5e-05
cadA,0.00081
cadB,0.00072
cadC,0.00038
yjdC,0.00017
dsbD,0.00043
cutA,0.00042
dcuA,0.00036
aspA,5e-05
fxsA,0.00089
yjeH,0.00079
groS,0.00012
groL,0.00062
yjeI,0.00062
yjeJ,0.00066
epmB,0.00056
efp,0.00018
ecnA,0.00062
ecnB,0.00079
gdx,0.00013
blc,0.00019
ampC,0.00022
frdD,1e-05
frdC,0.00017
frdB,0.00029
frdA,0.00049
epmA,0.00075
yjeM,0.00082
yjeN,0.00042
yjeO,0.0006
mscM,0.00054
psd,0.001
rsgA,0.00088
orn,0.00092
yjeV,0.00092
queG,0.00085
nnr,7e-05
tsaE,0.00073
amiB,0.00067
mutL,0.00081
miaA,0.00063
hfq,2e-05
hflX,0.0008
hflK,0.00061
hflC,0.00044
yjeT,0.00044
purA,0.00045
nsrR,0.00039
rnr,4e-05
rlmB,0.0006
yjfI,0.00085
yjfJ,0.00069
yjfK,0.0007
yjfL,0.00076
yjfM,2e-05
yjfC,0.001
aidB,0.00031
yjfN,0.00095
bsmA,0.00067
yjfP,0.00062
ulaR,5e-05
ulaG,0.00096
ulaA,5e-05
ulaB,0.001
ulaC,6e-05
ulaD,0.00013
ulaE,4e-05
ulaF,0.00052
yjfY,0.00031
rpsF,0.00044
priB,0.0009
rpsR,0.00061
rplI,0.00085
yjfZ,2e-05
ytfB,0.0002
fklB,0.00054
cycA,0.00013
ytfE,0.00066
ytfF,4e-05
qorB,0.0001
ytfH,0.00042
cpdB,0.00041
cysQ,0.00049
ytfI,0.00082
ytfJ,0.00026
ytfK,0.00079
paeA,0.00088
msrA,5e-05
tamA,0.00088
tamB,0.00054
ytfP,0.00012
chpS,0.00045
chpB,0.00061
ppa,0.00043
ytfQ,0.00027
ytfR,0.00042
ytfT,0.00083
yjfF,0.00043
fbp,0.00017
mpl,0.00053
yjgA,0.00072
tldE,4e-05
nrdG,0.00038
nrdD,2e-05
treC,0.0006
treB,0.00064
treR,0.00088
mgtL,0.00026
mgtA,0.00087
ridA,1e-05
pyrI,0.00044
pyrB,0.00033
pyrL,0.00037
yjgH,0.00015
bdcA,0.00084
bdcR,8e-05
tabA,0.00033
yjgL,0.00097
argI,0.0006
rraB,0.00097
yjgM,0.00063
yjgN,0.00018
valS,7e-05
holC,4e-05
pepA,0.00078
ytgB,1e-05
ytgA,0.00017
lptF,0.00086
lptG,0.00063
yjgR,0.00039
idnR,0.00013
idnT,0.00052
idnO,9e-05
idnD,0.00011
idnK,0.00029
ahr,0.00074
insC6,0.00064
insD6,0.00037
yjgZ,0.00078
insG,0.0008
nanX,0.00078
nanY,0.00033
ythA,0.00085
insO,0.00029
insI3,8e-05
fecE,0.00078
fecD,0.00039
fecC,8e-05
fecB,0.00031
fecA,0.0006
fecR,0.00064
fecI,0.00011
ykiE,0.00017
insA7,0.00029
yjhU,0.00016
yjhF,0.00029
yjhG,0.00054
yjhH,0.00031
yjhI,0.0
sgcR,0.00084
sgcE,0.00042
sgcA,0.00099
sgcQ,0.00026
sgcC,0.0007
sgcB,0.00053
sgcX,0.00094
yjhP,5e-05
yjhQ,0.00094
topAI,0.00058
ythB,0.00012
nanS,0.00039
nanM,0.00077
nanC,0.00086
fimB,0.00012
fimE,0.00079
fimA,0.001
fimI,0.00029
fimC,0.00084
fimD,0.0001
fimF,0.00069
fimG,4e-05
fimH,0.0006
gntP,0.00093
uxuA,0.00053
uxuB,0.0006
uxuR,0.00032
yjiC,0.00015
ytiC,0.00098
ytiD,0.00047
idlP,0.00024
iraD,0.00098
hypT,0.00037
iadA,0.00054
yjiG,0.00065
yjiH,0.00039
kptA,0.00057
yjiJ,0.00053
yjiK,0.00071
ytiA,0.00033
yjiL,0.00038
yjiM,0.00015
yjiN,5e-05
mdtM,0.00072
ytiE,0.0002
yjiR,1e-05
yjiS,0.00063
yjiT,0.00069
mcrC,0.00062
mcrB,0.00097
mcrB,0.00054
symE,0.00011
hsdS,0.00092
hsdM,0.0002
hsdR,0.0008
mrr,4e-05
yjiA,0.0007
yjiX,0.00034
btsT,0.00071
tsr,0.00086
lgoT,0.00055
lgoR,0.00028
lgoD,0.00024
opgB,0.0004
yjjA,0.00056
dnaC,0.00055
dnaT,0.00018
yjjB,0.00051
yjjP,0.0007
yjjQ,0.00074
bglJ,0.00059
fhuF,0.00028
yjjZ,0.00098
rsmC,0.00038
holD,0.00072
rimI,0.00082
yjjG,0.0
prfC,0.00038
osmY,0.00025
ytjA,0.00027
yjjU,0.00038
yjjV,4e-05
yjjW,0.00057
yjjI,0.00032
deoC,0.00055
deoA,1e-05
deoB,0.00076
deoD,0.0009
yjjJ,0.00055
lplA,0.00066
ytjB,0.00067
serB,0.00039
radA,0.00094
nadR,0.00054
ettA,0.00039
slt,0.00063
trpR,0.00087
yjjX,0.00073
ytjC,0.00093
rob,0.00049
creA,0.00065
creB,0.00068
creC,7e-05
creD,0.00042
arcA,0.00082
yjjY,5e-05
ytjE,0.0008
yjtD,0.00045
